headline,url
Trump’s tariffs on aluminum and steel raise market uncertainty ,https://english.elpais.com
Wall Street loses patience with Trump,https://english.elpais.com/economy-and-business/2025-03-12/wall-street-loses-patience-with-trump.html
,https://english.elpais.com
Why ‘Paradise’ has been such a hit: ‘We didn’t anticipate the real-world echoes it would have’,https://english.elpais.com
Scientists develop early detection video game for Alzheimer’s symptoms,https://english.elpais.com/health/2025-03-11/scientists-develop-early-detection-video-game-for-alzheimers-and-dementia-symptoms.html
,https://english.elpais.com
,https://english.elpais.com
The ravaged normality of migrants detained by ICE,https://english.elpais.com
Texas measles outbreak strains a weakened health system,https://english.elpais.com
,https://english.elpais.com
Could Maradona’s death have been avoided? Trial of soccer star’s carers begins in Buenos Aires,https://english.elpais.com/sports/2025-03-11/could-maradonas-death-have-been-avoided-trial-of-soccer-stars-carers-begins-in-buenos-aires.html
,https://english.elpais.com
,https://english.elpais.com
Obsessing over loneliness is a key factor in the development of depression,https://english.elpais.com/health/2025-03-10/obsessing-over-loneliness-is-a-key-factor-in-the-development-of-depression.html
,https://english.elpais.com
,https://english.elpais.com
New inheritance mechanism unrelated to DNA is discovered by chance,https://english.elpais.com/science-tech/2025-03-05/new-inheritance-mechanism-unrelated-to-dna-is-discovered-by-chance.html
"Archaeologists discover humanity’s first knives, carved from bone 1.5 million years ago",https://english.elpais.com/science-tech/2025-03-05/archaeologists-discover-humanitys-first-knives-carved-from-bone-15-million-years-ago.html
Memes are a key tool for extremist communities and conspiracy theories,https://english.elpais.com/technology/2025-03-05/memes-are-a-key-tool-for-extremist-communities-and-conspiracy-theories.html
,https://english.elpais.com
"Trump, the president unraveling US hegemony",https://english.elpais.com/usa/2025-03-10/trump-the-president-unraveling-us-hegemony.html
Eduardo Elsztain: The businessman who whispers to Argentina’s Javier Milei,https://english.elpais.com/international/2025-03-09/eduardo-elsztain-the-businessman-who-whispers-to-argentinas-javier-milei.html
Wall Street: The risks behind Trump’s bullish mirage,https://english.elpais.com/economy-and-business/2025-03-03/wall-street-the-risks-behind-trumps-bullish-mirage.html
,https://english.elpais.com
,https://english.elpais.com
"Walter Salles, the director and billionaire who won Brazil’s first Oscar",https://english.elpais.com
,https://english.elpais.com
"Ariel Camacho, the shooting star who inspired the modern corrido",https://english.elpais.com/culture/2025-03-09/ariel-camacho-the-shooting-star-who-inspired-the-modern-corrido.html
The era of undetectable injectables: The new treatments behind ageless faces,https://english.elpais.com/lifestyle/2025-03-08/the-era-of-undetectable-injectables-the-new-treatments-behind-ageless-faces.html
"No carbs, no smoking and hardly any alcohol: The party’s over for Gen Z ",https://english.elpais.com/lifestyle/2025-03-08/no-carbs-no-smoking-and-hardly-any-alcohol-the-partys-over-for-gen-z.html
We can all be masochists: Why we seek experiences that connect pleasure with pain,https://english.elpais.com/science-tech/2025-03-06/we-can-all-be-masochists-why-we-seek-experiences-that-connect-pleasure-with-pain.html
,https://english.elpais.com
,https://english.elpais.com
,https://english.elpais.com
,https://english.elpais.com
,https://english.elpais.com
,https://english.elpais.com
Where do the clothes go after we put them in a recycling bin? ,https://english.elpais.com
Listen now LOS40 USA,https://los40.us/
Lele Pons and Guaynaa Announce Pregnancy and Share the Sweetest Photos,https://los40.us/2025/lele-pons-and-guaynaa-announce-pregnancy-and-share-the-sweetest-photos-30790.html
"Who is Isabella Ladera, Miami-Based Influencer and Beéle’s Illusion?",https://los40.us/2025/who-is-isabella-ladera-miami-based-influencer-and-beeles-illusion-30848.html
EL PAÍS offers free Spanish lessons with Gymglish,https://english.elpais.com/economy-and-business/2021-11-15/el-pais-offers-free-spanish-lessons-with-gymglish.html
‘A legal black box’: Trump uses treatment reserved for terrorists on migrants sent to Guantánamo,https://english.elpais.com/international/2025-02-13/a-legal-black-box-trump-uses-treatment-reserved-for-terrorists-on-migrants-sent-to-guantanamo.html
Twenty-one federal staffers resign in protest against DOGE and Elon Musk,https://english.elpais.com/usa/2025-02-25/twenty-one-doge-staffers-resign-in-protest-against-elon-musk.html
,https://english.elpais.com
"ICE jacket becomes a best-seller on Amazon: ‘If you want some entertainment, wear this and watch illegals run away’",https://english.elpais.com/usa/2025-02-26/ice-jacket-becomes-a-best-seller-on-amazon-if-you-want-some-entertainment-wear-this-and-watch-illegals-run-away.html
Sheinbaum’s dilemma after ‘El Mayo’ Zambada’s latest letter: intervene or placate Trump,https://english.elpais.com/international/2025-02-25/sheinbaums-dilemma-after-el-mayo-zambadas-latest-letter-intervene-or-placate-trump.html
Venezuela kicks off its most uncertain presidential campaign,https://english.elpais.com/international/2025-02-25/the-most-coveted-trophy-europeans-and-asians-embrace-illegal-jaguar-hunting-in-bolivia.html
,https://english.elpais.com
An economic paradox: When savings are both a good and a bad idea,https://english.elpais.com/economy-and-business/2025-01-30/colombia-seeks-a-way-to-break-its-commercial-dependence-on-the-united-states.html
,https://english.elpais.com
,https://english.elpais.com
"Rafael López, oncologist: ‘With a blood test we expect to be able to identify the weaknesses of almost all tumors’",https://english.elpais.com/health/2025-02-21/rafael-lopez-oncologist-with-a-blood-test-we-expect-to-be-able-to-identify-the-weaknesses-of-almost-all-tumors.html
"Ramón Bataller, hepatologist: ‘The combination of alcohol and cocaine is explosive and many young people are paying for it’",https://english.elpais.com/health/2025-02-08/ramon-bataller-hepatologist-the-combination-of-alcohol-and-cocaine-is-explosive-and-many-young-people-are-paying-for-it.html
The best Irish wine is made by a Spanish couple,https://english.elpais.com/lifestyle/2025-01-29/the-best-irish-wine-is-made-by-a-spanish-couple.html
My therapist is a bot: The rise of AI in mental health treatment,https://english.elpais.com/technology/2025-01-21/my-therapist-is-a-bot-the-rise-of-ai-in-mental-health-treatment.html
Four wealthy clients to attempt Everest with the help of xenon gas,https://english.elpais.com/sports/2025-01-25/four-wealthy-clients-to-attempt-everest-with-the-help-of-xenon-gas.html
"Climbing without a rope, between freedom and psychopathy",https://english.elpais.com/sports/2024-12-22/rwandas-sports-fever-a-pillar-of-development-or-sportswashing.html
